4,0,0,50,0
14,0,0,24,0
0,0,0,2,0
0,0,20,54,0
36,0,4,50,0
2,0,0,6,0
0,0,0,4,0
0,0,0,2,0
0,0,0,10,1
0,0,0,20,0
11,5,0,84,0
0,0,0,2,0
4,0,0,6,1
12,0,0,0,1
8,0,0,38,1
0,0,0,4,1
2,2,0,20,1
18,0,0,60,1
38,8,2,52,0
17,0,0,83,0
8,0,0,2,1
22,8,0,32,0
8,8,0,20,1
32,5,3,60,1
0,0,0,6,1
28,0,2,64,0
0,0,0,6,0
24,1,2,73,1
16,2,0,26,0
10,0,0,50,1
8,0,2,54,1
48,11,18,23,0
0,0,0,4,0
9,0,0,91,0
2,0,0,2,1
0,0,0,4,0
0,2,0,14,1
0,0,0,2,0
4,0,0,36,0
0,2,0,10,0
14,0,0,50,1
0,0,6,10,0
0,0,0,4,1
20,8,0,50,0
0,0,0,70,0
20,7,0,73,0
4,0,0,28,0
28,0,2,52,1
22,3,2,73,0
0,0,0,14,0
0,0,0,2,0
0,0,0,18,1
6,28,0,56,0
8,0,0,2,0
20,9,0,71,1
0,0,0,8,1
2,0,0,26,0
0,0,0,2,1
2,0,0,0,1
28,0,2,28,0
0,0,0,100,1
12,0,1,6,1
2,2,0,36,1
0,0,0,2,0
2,2,0,6,1
0,0,2,2,0
31,0,0,69,0
0,0,0,100,1
0,0,0,8,0
2,0,0,8,1
18,0,2,50,0
0,0,0,8,1
10,0,0,62,0
28,2,0,70,0
2,0,0,4,0
0,0,0,6,1
0,0,0,4,1
28,0,0,38,0
2,0,4,12,1
0,0,0,12,1
13,19,0,68,0
4,0,10,34,0
0,0,0,6,1
8,0,0,14,0
14,2,0,36,0
44,0,0,56,1
6,0,2,16,1
4,0,2,2,1
0,0,0,4,1
0,0,0,2,1
38,0,0,62,0
15,0,5,80,0
47,0,0,53,1
36,2,0,62,0
0,2,0,14,0
4,0,0,50,0
0,0,0,4,1
4,0,14,23,1
77,14,4,105,0
28,5,0,67,1
0,0,10,34,0
0,0,2,2,1
0,0,0,40,0
4,0,11,85,1
22,2,4,28,0
0,0,0,4,0
18,2,0,70,0
24,6,4,26,1
0,0,0,2,0
4,0,4,22,0
12,2,0,46,0
0,0,0,44,0
47,5,0,48,1
12,5,0,83,0
2,1,2,95,0
2,0,0,6,1
39,0,0,61,1
6,0,0,50,1
30,3,1,66,1
4,0,0,10,1
4,0,0,4,0
30,8,0,52,0
0,0,0,2,0
6,0,10,80,0
15,1,0,84,1
10,0,2,34,0
1,0,4,95,0
18,2,4,76,1
10,2,0,48,0
8,0,0,52,0
0,0,2,4,0
0,0,22,62,0
16,0,4,66,0
2,0,0,0,0
30,2,6,38,1
41,5,2,52,1
39,0,0,61,1
32,0,2,64,0
24,0,0,148,0
0,0,2,8,1
0,0,0,8,0
0,0,0,2,0
6,4,0,90,0
0,0,0,4,1
0,0,0,2,0
0,0,0,34,0
2,0,0,10,0
8,0,2,58,1
2,0,0,4,0
0,0,0,10,1
0,0,14,14,0
4,0,0,34,0
36,6,2,56,1
2,0,0,4,1
0,0,0,32,0
14,2,0,56,1
16,6,0,38,0
0,0,0,24,0
8,0,0,6,1
26,2,8,34,1
46,0,0,54,1
44,4,4,48,1
6,10,0,18,0
2,0,0,10,0
44,1,0,55,1
33,0,0,67,0
0,0,0,2,0
18,2,0,52,0
0,0,0,2,0
6,0,0,34,0
0,0,16,6,1
0,2,0,4,1
0,0,16,76,1
26,10,2,54,0
22,7,0,71,0
0,0,0,4,1
2,0,52,46,1
31,4,0,65,1
0,0,16,50,0
40,10,0,50,1
0,0,6,86,1
0,0,2,20,1
4,0,0,96,1
8,4,0,32,0
0,0,0,66,1
51,0,2,47,1
4,12,0,84,1
24,0,2,74,0
2,0,0,4,1
4,2,0,2,1
10,6,0,46,0
22,0,2,44,0
10,0,0,6,1
0,0,0,6,1
0,0,0,16,1
12,0,0,44,0
0,0,4,18,1
27,6,2,65,1
2,0,0,12,0
0,0,0,4,1
8,0,0,36,0
4,0,0,0,0
18,10,0,34,0
0,0,0,6,0
6,0,0,32,0
0,0,0,2,1
16,2,2,76,0
0,2,0,24,0
17,2,4,77,1
20,3,0,77,0
0,0,0,2,0
2,0,0,8,1
0,0,0,6,0
23,0,0,77,1
8,2,2,66,0
11,0,10,79,1
45,0,1,54,0
0,0,0,26,0
0,0,8,8,1
8,5,0,87,0
38,0,2,46,1
42,0,2,42,0
6,0,30,120,0
22,4,0,74,0
0,0,0,92,0
35,5,0,60,1
6,4,0,48,0
2,0,0,26,0
4,0,0,14,0
0,0,0,4,1
0,0,0,24,0
0,2,0,12,0
8,0,0,54,0
4,0,0,14,1
4,2,0,20,0
12,2,0,86,0
28,0,0,72,1
2,2,0,6,0
0,0,0,2,0
4,0,0,66,0
4,0,0,2,0
6,0,0,72,1
0,0,0,36,0
32,1,0,67,1
2,0,0,98,1
0,0,0,50,0
2,0,6,4,0
10,0,0,4,1
0,0,2,8,1
0,0,20,80,0
0,0,0,2,0
2,0,23,75,1
0,0,21,79,0
0,0,8,92,0
9,2,0,89,1
0,0,0,4,0
25,0,0,75,0
4,0,2,10,0
0,0,0,38,0
0,0,17,83,0
48,1,0,51,1
7,0,21,72,1
37,2,2,59,1
0,0,0,10,1
32,5,0,63,0
0,0,0,2,1
0,0,0,8,0
22,2,2,32,0
38,0,0,38,1
12,0,0,8,0
18,0,0,56,1
2,4,0,36,0
0,0,0,2,0
12,0,0,62,0
14,10,0,40,0
27,4,0,69,0
14,2,2,50,1
32,12,0,22,1
0,0,4,6,1
2,0,0,10,1
0,0,5,95,0
8,6,0,48,0
6,2,0,6,1
0,0,2,2,0
8,0,0,36,1
0,0,0,20,0
44,2,0,52,0
4,0,0,0,0
13,2,0,85,0
22,2,2,34,0
41,0,3,56,1
0,0,0,2,1
12,0,4,60,1
0,0,0,2,0
14,0,0,58,1
4,0,0,10,1
39,8,2,51,1
4,0,2,66,0
0,0,0,2,0
9,0,8,15,1
2,0,0,14,0
0,0,0,66,1
4,0,0,54,0
0,0,0,8,1
0,0,0,6,0
6,0,10,68,1
48,0,0,52,0
0,0,18,30,0
0,0,0,38,0
26,0,2,72,0
2,0,0,6,1
20,0,8,72,0
12,2,0,16,0
10,2,0,8,1
2,0,0,0,0
0,0,2,2,1
0,0,0,4,0
0,0,6,14,0
2,0,0,16,1
0,0,4,2,0
0,0,0,4,0
22,12,0,28,0
18,0,0,74,1
25,0,2,73,0
2,0,0,2,0
6,4,0,30,0
25,4,0,71,1
2,0,0,2,1
26,10,0,46,0
0,0,0,2,0
0,0,0,2,1
4,0,0,2,1
8,0,2,4,1
0,0,0,2,0
0,0,0,6,1
0,0,2,16,1
4,0,2,38,0
0,0,0,2,0
0,0,0,2,0
0,0,0,10,0
2,0,0,0,1
0,0,0,4,1
0,0,0,6,0
0,0,0,4,0
0,0,0,12,1
0,0,0,10,1
0,0,0,6,0
26,0,0,52,1
22,4,2,48,1
0,2,0,6,0
2,0,0,12,1
22,0,0,38,0
34,4,0,54,0
0,0,0,10,1
22,0,0,40,1
27,7,0,66,1
16,0,0,84,1
28,24,0,30,0
19,8,0,73,1
0,0,0,2,0
10,0,4,10,1
42,2,0,48,1
0,0,0,6,1
4,2,0,28,0
24,2,2,46,1
57,1,2,40,0
8,0,0,60,0
0,0,6,2,0
0,0,0,2,0
4,0,0,8,0
6,0,0,6,0
10,2,0,46,1
4,0,0,24,0
4,0,0,56,1
6,18,0,42,0
51,4,0,45,1
0,0,0,8,0
18,16,0,66,0
0,0,0,6,1
15,2,0,83,1
6,7,10,77,1
0,0,0,8,1
0,2,0,30,0
12,0,2,48,1
41,6,0,53,0
0,0,0,20,1
2,0,0,12,1
32,7,0,61,0
2,0,0,6,0
2,0,0,16,0
52,0,0,30,1
6,0,4,44,0
0,0,0,8,0
0,0,0,60,0
0,0,0,4,1
0,0,0,2,0
6,0,0,2,1
8,2,0,10,0
18,0,0,76,1
0,0,0,2,0
22,0,13,65,0
5,20,3,72,1
12,0,10,14,1
10,10,10,28,0
0,0,0,68,0
31,4,2,63,0
0,0,0,14,1
32,10,0,58,0
0,0,2,38,0
40,6,0,54,1
4,0,0,4,1
36,0,3,61,1
2,6,2,32,0
8,0,0,38,1
17,2,2,79,0
29,5,0,66,0
0,0,0,2,0
0,0,0,16,0
30,0,0,70,0
0,0,2,98,0
28,0,2,34,1
8,2,0,32,0
4,0,0,96,1
0,0,0,2,0
9,35,6,50,1
2,0,6,48,0
6,0,0,2,0
0,0,0,2,1
4,0,0,6,0
47,12,2,39,0
26,8,6,40,0
35,0,1,64,1
4,0,0,40,0
28,0,0,70,1
0,0,0,2,1
28,0,3,69,1
0,0,0,10,1
4,0,0,38,0
2,0,0,8,0
28,8,0,64,0
0,0,0,2,0
28,6,0,36,0
2,2,0,6,0
0,0,0,4,0
10,0,0,66,0
0,0,0,4,1
2,0,0,6,0
52,3,0,45,0
0,0,10,26,0
0,0,0,2,0
2,0,0,22,0
18,2,0,80,0
36,0,0,80,0
0,0,0,2,0
0,0,0,32,1
6,0,0,32,0
7,1,0,92,1
0,0,0,2,0
0,0,0,2,0
0,0,0,12,0
2,0,0,8,1
22,0,0,72,1
30,0,0,28,0
0,0,0,8,1
8,0,0,42,0
39,4,0,57,1
0,0,0,18,1
0,0,2,0,0
4,0,0,14,1
0,2,0,14,0
4,0,0,84,1
2,0,0,8,1
16,0,0,42,0
19,0,0,81,1
0,0,0,6,0
26,0,0,38,0
0,0,19,62,0
18,8,4,54,0
2,2,0,18,1
24,14,0,52,0
24,0,2,38,1
2,0,0,0,0
38,2,2,58,0
10,0,0,0,0
1,1,3,95,1
0,0,0,2,0
39,0,0,61,1
0,0,0,2,0
38,5,2,55,0
16,6,0,38,0
0,0,8,50,1
0,0,0,2,0
0,0,0,10,1
0,0,0,26,0
2,0,6,30,1
2,0,0,6,0
20,0,7,73,0
0,4,4,46,1
2,0,0,0,0
37,1,0,62,1
8,16,4,48,0
6,0,0,48,0
0,0,0,2,1
14,0,0,40,0
0,0,0,14,1
30,0,10,54,1
24,0,0,64,0
30,2,4,64,0
12,0,6,82,1
20,8,0,34,0
0,0,7,93,0
39,1,0,60,1
30,3,0,67,1
0,0,0,4,0
0,0,0,14,1
30,0,2,44,0
24,6,0,36,0
4,0,0,0,0
39,0,0,61,0
4,0,0,24,0
8,0,0,8,0
0,0,0,12,1
0,0,0,2,0
4,0,0,14,1
1,0,0,23,0
0,0,0,6,0
28,0,0,40,1
0,0,0,8,0
22,0,0,62,0
24,0,0,50,0
0,0,0,10,0
4,0,0,14,1
2,0,0,2,0
7,0,6,27,0
0,0,0,6,1
6,0,0,12,1
8,0,0,16,0
0,8,6,58,0
0,0,0,30,0
2,0,0,4,0
4,0,0,4,1
10,0,0,62,0
0,0,0,10,1
0,0,0,6,1
0,0,0,2,1
0,2,0,22,0
4,0,0,20,1
15,7,1,77,0
4,0,0,40,0
0,0,10,18,1
2,0,0,4,0
0,0,0,8,0
22,6,6,46,0
0,0,0,32,0
0,0,0,16,1
0,0,0,4,0
0,0,2,32,0
10,0,0,10,1
6,0,0,6,0
4,0,0,28,1
0,0,0,2,0
0,0,0,53,0
19,7,2,72,0
18,0,2,36,0
0,0,0,28,0
0,0,12,54,0
0,0,0,2,0
0,0,0,8,1
6,0,0,0,1
0,0,6,78,0
4,0,0,28,0
8,4,0,30,0
24,3,0,73,0
6,2,0,32,0
0,0,0,54,0
0,0,0,2,1
23,0,12,65,1
6,0,0,30,0
12,0,2,86,0
4,0,0,28,0
20,0,5,75,0
0,0,0,4,0
32,10,4,54,1
4,10,0,46,1
46,16,4,98,0
0,0,28,34,0
10,7,0,83,0
9,5,0,86,0
15,1,15,69,0
14,0,0,50,0
0,2,0,76,0
38,13,0,49,0
36,2,0,36,0
0,0,0,4,1
19,0,0,81,1
0,0,0,52,0
35,2,3,60,1
2,0,0,10,1
16,8,2,52,0
26,8,0,40,0
0,0,30,70,0
0,0,0,20,0
6,0,0,14,1
0,0,15,85,1
12,0,0,60,1
0,0,26,32,0
0,0,0,10,0
14,2,2,72,1
0,0,0,100,0
0,0,0,2,0
2,12,2,39,0
0,0,0,38,0
14,12,0,74,1
15,0,0,85,0
0,0,0,2,0
28,6,0,64,0
34,6,0,60,0
0,0,2,20,1
6,24,0,66,0
0,0,0,42,0
32,3,2,63,1
10,0,2,88,1
28,2,0,34,1
0,0,0,2,0
43,1,3,53,1
27,0,0,73,0
29,9,2,60,0
27,0,0,73,0
14,8,10,22,0
4,0,0,96,0
0,0,0,10,0
0,0,0,2,1
8,4,0,26,0
0,0,18,16,0
4,0,9,87,1
20,9,0,71,1
0,0,12,60,1
29,0,0,71,1
0,0,0,14,0
0,2,0,56,0
0,0,0,16,1
8,0,8,78,0
0,0,0,16,1
18,0,0,50,1
6,0,4,84,1
21,0,6,73,0
8,0,4,54,0
0,0,0,6,0
32,2,0,38,1
10,0,0,15,1
2,0,0,8,0
0,0,0,2,0
8,0,0,5,0
0,0,0,4,0
4,0,0,40,0
18,0,2,66,0
0,0,0,2,0
6,2,0,0,0
14,1,0,85,0
10,0,14,76,0
0,0,2,36,0
0,0,0,2,1
16,0,0,50,0
0,0,0,4,0
2,0,2,8,0
2,0,0,2,0
18,0,0,62,0
0,0,5,95,1
0,0,2,16,1
4,0,10,6,0
2,0,0,6,1
8,0,4,51,0
0,0,0,76,0
0,0,0,10,1
26,0,7,67,1
31,0,0,69,0
2,0,0,98,0
2,0,0,0,1
12,6,0,48,0
0,0,0,4,0
0,0,0,4,0
26,10,0,42,0
2,0,0,24,0
0,0,2,98,0
2,0,0,0,0
0,0,0,2,1
18,4,0,34,0
11,0,0,89,0
0,0,0,2,1
4,0,0,2,1
2,0,0,0,0
2,0,15,3,0
2,2,0,2,1
0,0,0,2,0
22,0,0,50,1
18,0,0,50,0
2,0,0,6,0
2,2,0,4,1
22,6,4,32,0
0,0,0,2,0
0,0,0,2,0
0,0,0,4,0
0,2,0,10,0
0,2,0,8,1
2,0,0,4,1
40,0,0,60,1
18,0,0,44,0
0,0,0,2,1
0,0,30,70,1
0,0,10,2,0
0,0,0,2,0
20,0,0,54,0
0,0,0,22,1
5,0,13,82,1
25,7,4,64,1
0,0,0,6,1
32,5,0,63,1
36,7,0,57,0
0,0,0,53,0
6,0,2,24,0
0,0,0,2,0
6,0,6,22,1
14,4,0,18,0
4,2,0,72,0
6,0,0,52,0
6,0,4,32,0
2,0,0,8,0
26,2,0,32,0
0,0,0,4,0
0,0,0,4,1
20,6,0,70,1
2,0,0,0,0
0,0,10,90,0
0,0,0,2,0
0,0,0,8,0
15,28,0,57,0
16,0,0,50,1
2,0,0,6,1
24,0,0,46,0
0,0,0,100,0
0,0,8,78,0
16,0,0,82,1
2,0,0,54,1
18,2,0,38,0
34,0,0,36,0
0,0,0,52,0
0,0,0,2,0
6,0,0,30,1
20,0,0,80,0
2,0,4,18,1
6,0,0,28,0
0,0,0,6,1
20,10,2,64,0
0,0,0,10,0
47,2,2,49,1
0,0,26,9,1
38,2,2,58,1
2,0,0,2,0
14,8,0,46,0
0,0,2,2,1
18,2,0,12,1
0,0,0,4,0
6,0,0,0,0
0,0,0,2,0
6,0,0,0,1
0,0,14,10,0
0,0,0,2,0
23,5,0,72,1
4,0,0,28,0
30,0,0,70,1
23,8,0,69,0
0,0,0,2,1
0,0,0,34,0
20,6,4,34,1
0,0,0,14,0
0,2,0,0,1
22,2,4,56,1
0,0,32,20,1
31,0,0,69,1
0,0,0,4,1
0,2,0,12,1
26,2,0,40,1
31,0,1,68,1
28,2,0,64,0
16,0,0,66,0
0,0,0,2,0
28,20,5,47,0
35,11,4,50,0
38,0,0,62,0
27,5,0,68,0
24,2,2,20,0
0,0,0,2,1
0,0,0,16,0
6,0,0,6,0
2,0,0,2,1
2,0,0,12,1
32,0,0,64,0
4,0,0,28,0
29,0,6,65,1
28,0,0,46,0
0,0,0,32,0
8,0,2,82,0
22,8,0,70,1
0,0,0,14,1
2,0,0,6,0
4,2,0,4,0
4,0,0,4,0
0,2,4,0,1
0,0,2,38,0
2,0,0,98,1
0,0,18,48,0
0,0,6,42,0
2,0,0,6,0
2,0,2,8,1
2,0,6,4,1
25,0,8,67,1
0,0,8,2,0
2,0,0,32,1
6,0,20,71,0
0,2,0,0,0
26,0,2,60,0
12,2,0,86,1
0,2,0,20,0
8,2,0,0,0
10,0,0,70,0
0,2,6,54,1
0,0,0,8,1
6,9,0,85,0
16,2,0,10,1
0,0,0,8,0
0,0,12,40,0
0,0,30,70,1
2,0,0,17,1
0,4,0,70,0
0,0,0,12,0
14,2,0,84,0
6,0,0,4,1
28,4,4,46,0
38,2,0,60,1
12,0,2,20,1
8,0,0,44,0
0,0,0,82,0
0,0,18,40,1
30,13,2,55,1
0,0,18,76,0
2,0,0,30,0
0,0,0,6,1
0,2,0,36,0
0,0,0,6,0
25,0,0,75,0
24,0,0,30,1
24,6,2,64,0
26,6,0,68,0
2,0,0,20,0
0,0,16,6,1
29,6,2,63,0
2,0,0,2,0
0,0,0,10,1
6,12,2,42,1
6,2,4,44,0
28,0,0,54,0
36,0,11,153,0
8,0,0,4,0
0,0,0,4,0
12,28,2,58,0
21,0,0,79,1
10,4,0,48,0
0,2,0,2,1
25,7,0,68,1
20,4,0,10,1
4,0,0,22,0
24,12,2,56,1
43,7,0,50,1
4,2,0,12,0
10,0,2,48,0
30,3,0,67,1
10,0,0,36,0
2,0,0,44,0
0,2,2,4,0
2,0,0,2,1
6,0,0,32,0
2,0,0,16,1
0,0,4,96,0
0,0,2,2,0
27,0,0,73,0
50,0,0,50,1
0,0,0,4,1
4,0,0,64,1
22,0,2,36,0
0,0,0,2,1
22,4,2,40,0
0,0,2,20,1
43,0,2,55,0
0,0,0,12,1
26,2,0,36,1
8,4,0,8,0
30,0,4,48,0
0,0,2,8,1
9,8,0,83,0
37,2,1,60,0
0,0,0,78,1
22,2,2,42,0
0,0,0,4,0
7,4,2,87,0
39,6,3,52,0
0,0,14,72,0
8,0,22,70,1
12,17,0,71,0
49,4,2,45,1
0,2,0,34,1
0,0,0,2,1
6,0,0,18,1
27,0,0,73,0
22,8,0,28,0
0,0,0,2,1
0,0,0,88,0
0,0,0,4,1
66,18,0,203,0
4,0,0,6,0
0,0,2,36,0
4,0,0,12,0
2,0,0,0,0
18,4,0,34,0
0,2,0,56,0
8,0,0,12,1
28,2,0,66,0
2,2,2,22,1
0,0,0,2,0
2,0,0,0,0
0,2,0,6,0
0,0,0,10,1
0,0,0,6,0
14,8,0,60,0
24,0,0,72,0
0,0,31,69,0
6,0,0,14,0
4,0,0,8,0
2,0,0,2,1
2,0,0,2,1
29,0,0,71,0
0,0,0,16,0
0,0,0,12,0
0,2,0,0,0
28,2,0,42,1
34,0,0,50,1
2,0,0,4,1
0,0,0,18,0
0,0,0,2,0
0,0,0,2,0
0,0,0,34,1
0,0,8,6,1
22,2,0,48,0
12,5,5,78,0
30,6,0,64,1
0,2,0,98,0
0,0,0,4,1
0,0,0,2,0
0,0,0,18,1
2,0,0,12,1
18,2,1,79,0
4,0,2,94,0
0,0,0,20,0
28,0,0,46,1
12,0,0,26,0
0,0,0,2,1
6,0,0,2,0
0,0,0,2,0
4,0,0,2,1
0,0,0,2,0
4,0,0,10,1
0,2,0,2,1
0,2,0,4,0
2,0,0,8,0
18,0,0,42,0
16,14,0,46,0
0,0,0,6,0
0,0,0,78,1
4,0,0,36,0
31,2,0,67,1
4,0,0,96,1
8,2,0,46,1
6,0,2,76,0
3,0,0,97,1
0,0,0,10,1
29,0,2,69,0
0,0,0,2,1
2,0,4,10,1
34,3,0,63,0
4,0,0,50,1
8,0,0,48,0
26,0,0,58,1
2,0,0,4,0
30,16,0,54,0
0,0,0,4,0
18,6,0,42,0
0,0,0,32,0
2,0,0,98,1
0,0,0,92,0
0,0,0,8,0
0,0,0,2,0
25,2,1,72,0
0,0,0,2,1
5,0,0,95,1
2,0,12,28,1
38,3,0,59,0
6,0,0,8,1
0,0,0,2,1
6,0,0,2,1
0,0,0,2,0
0,0,0,100,0
25,1,0,74,1
30,0,2,24,1
18,0,0,46,1
0,0,0,2,0
28,2,2,44,1
0,6,0,82,0
17,5,2,76,0
14,0,0,56,0
22,0,0,78,0
2,0,0,8,0
31,0,0,69,1
0,0,0,6,0
12,0,0,16,1
0,0,20,76,0
10,4,4,50,0
2,0,0,0,0
0,0,0,8,1
0,0,0,20,1
4,0,0,30,0
14,0,3,83,1
22,2,0,62,0
18,1,0,81,1
24,2,0,54,0
12,0,0,48,1
0,0,0,2,0
30,0,0,70,0
44,12,4,88,0
4,0,0,12,0
6,0,0,56,0
10,0,0,30,0
5,5,0,90,1
26,0,2,54,1
2,0,0,4,1
0,6,0,18,0
24,0,0,76,0
0,0,0,2,1
35,0,2,63,1
0,0,0,2,0
2,0,0,26,0
0,2,0,2,0
0,0,0,52,0
0,0,0,4,1
4,20,0,36,1
0,0,0,12,1
0,0,0,4,0
2,0,0,4,0
0,0,0,12,1
16,0,0,54,0
8,0,2,90,0
0,0,0,2,0
17,27,2,54,0
6,2,2,64,0
0,0,0,4,1
0,0,2,2,1
24,10,8,58,0
11,2,0,87,0
0,0,4,96,0
38,2,1,59,0
24,0,4,26,0
24,4,0,38,0
16,0,2,42,0
16,0,0,54,0
44,0,2,54,1
43,0,2,55,1
2,4,0,50,0
15,0,8,11,1
26,0,0,28,0
4,0,0,8,0
27,13,2,58,1
4,0,0,30,0
2,0,0,0,0
10,0,0,90,0
0,0,0,6,1
4,2,0,2,0
0,0,0,42,0
5,0,0,95,1
2,0,0,2,1
4,0,0,6,0
24,0,8,38,0
2,0,0,38,0
16,0,0,42,1
24,0,0,70,1
21,6,2,71,0
2,4,0,0,1
0,0,0,2,0
4,2,0,6,0
0,0,4,6,0
0,0,10,0,0
18,4,10,54,0
0,0,17,16,1
0,0,0,6,1
2,0,0,0,0
4,0,0,0,0
0,0,0,2,1
16,2,0,56,0
0,0,32,68,1
0,0,1,99,0
4,2,0,2,0
33,0,0,67,0
0,2,0,4,0
2,10,0,24,0
15,0,1,84,0
0,0,0,10,0
6,0,0,12,1
0,0,14,2,1
0,0,0,10,0
16,2,2,27,0
4,2,0,94,1
26,0,2,26,0
0,0,8,18,1
8,0,0,40,0
41,3,0,56,1
6,0,0,2,0
0,0,21,79,0
19,0,6,73,0
36,12,0,52,0
0,0,0,2,1
6,0,0,4,1
11,0,0,89,1
0,0,4,22,1
44,9,4,43,0
10,2,0,20,1
0,0,0,4,0
24,0,0,76,0
18,8,0,54,0
50,0,0,40,1
0,0,0,34,0
26,0,0,60,0
2,4,0,24,0
8,0,0,2,1
0,0,0,4,0
14,16,0,56,0
10,6,0,70,1
0,0,10,34,0
20,0,0,40,0
2,0,0,98,0
0,0,4,14,1
0,0,8,92,1
2,0,0,98,1
8,24,0,68,0
26,4,2,58,0
21,5,0,74,1
34,2,0,64,0
2,0,0,2,1
0,0,0,2,0
0,0,0,4,0
20,2,0,20,0
22,0,2,52,0
0,0,8,58,0
4,0,0,28,0
17,2,23,58,1
2,0,0,14,0
8,2,0,12,1
0,0,14,8,0
28,10,0,48,1
2,0,0,2,0
8,0,0,46,0
32,0,2,54,0
26,0,14,56,0
28,4,0,68,1
2,0,4,20,1
4,8,0,48,0
0,2,0,0,0
8,0,0,52,1
0,0,2,0,0
50,0,0,50,0
6,0,6,44,0
0,0,0,8,0
2,0,0,6,0
16,0,0,56,0
8,0,0,66,1
10,0,4,10,1
5,1,0,94,1
29,5,1,65,1
41,4,2,53,1
0,0,0,8,0
0,0,0,16,0
0,0,0,2,0
16,4,0,80,0
0,0,0,4,1
25,0,2,73,0
12,0,0,60,0
0,0,0,4,0
8,0,0,8,1
8,0,0,46,0
0,0,0,4,0
6,0,0,60,1
2,4,0,0,0
39,2,0,59,0
0,0,0,6,1
0,0,0,2,1
6,0,0,14,0
6,0,0,28,1
39,1,0,60,0
7,0,6,87,1
0,0,0,6,0
2,0,0,2,1
2,0,0,41,0
0,0,4,10,0
8,0,0,10,1
31,6,11,52,0
0,0,0,6,0
22,2,0,56,0
47,2,0,51,1
16,0,0,22,0
0,0,0,4,1
2,0,0,22,1
4,0,0,16,0
6,0,4,12,1
9,0,10,81,1
0,8,2,90,0
2,0,0,8,1
8,0,0,6,1
10,0,0,24,1
9,2,2,87,0
0,2,0,20,0
30,0,2,56,0
4,0,0,66,1
4,0,2,2,1
22,6,0,46,0
6,6,0,46,0
0,0,0,10,1
23,9,0,68,0
0,0,2,2,1
0,0,0,2,0
0,0,20,18,1
14,0,0,34,0
20,0,0,38,0
37,0,2,61,1
0,0,0,4,0
0,0,0,12,0
0,0,0,94,0
0,0,0,2,1
27,15,0,58,0
6,0,0,10,0
38,6,0,36,1
28,0,0,46,1
22,0,0,46,0
0,0,0,2,1
4,0,0,8,0
49,3,0,48,0
34,0,6,60,0
10,3,0,87,0
0,0,4,30,0
18,0,0,82,1
0,0,0,26,0
0,0,4,8,1
30,0,0,26,0
0,0,0,2,1
5,0,0,27,0
1,0,0,7,1
10,0,0,30,0
0,0,0,6,1
8,0,0,8,1
0,0,4,6,1
12,0,0,24,1
8,0,0,10,1
12,8,0,48,0
24,14,0,26,0
4,0,0,66,1
4,0,0,10,1
0,0,0,4,0
0,0,0,16,1
2,0,0,2,0
8,0,2,8,1
20,0,0,34,0
2,0,0,0,0
18,14,0,42,0
10,0,2,40,0
0,0,26,74,0
32,2,4,62,1
2,0,0,34,0
0,0,0,10,0
2,2,0,2,1
0,0,0,2,1
0,8,0,92,0
4,0,0,10,0
2,0,0,14,0
0,0,4,78,0
23,0,1,76,0
9,0,2,6,0
80,10,0,210,0
8,0,16,28,1
0,0,2,18,0
0,0,0,12,1
0,0,0,2,1
16,5,0,79,0
32,2,0,66,1
37,10,3,50,0
6,0,0,4,0
36,0,0,44,1
0,0,4,20,1
26,5,0,69,0
0,0,4,72,0
4,2,0,2,0
18,0,0,82,1
6,0,2,36,1
9,0,2,89,0
0,0,0,4,0
8,0,2,54,0
23,5,2,70,0
0,2,0,34,0
41,3,0,56,0
12,0,0,2,1
0,0,4,5,0
0,0,0,12,0
6,0,0,8,1
10,0,2,20,0
28,4,0,30,0
43,0,0,57,1
0,0,2,26,0
0,0,0,21,0
0,0,0,10,0
0,0,6,60,1
2,0,0,8,0
2,6,0,0,1
0,0,0,4,0
0,0,2,0,0
8,0,2,16,1
0,0,0,4,1
10,0,0,28,1
33,2,0,65,1
2,0,0,0,1
0,0,6,28,1
18,5,2,75,0
4,0,0,60,1
16,4,0,36,0
0,0,2,70,0
4,0,2,6,1
2,6,0,0,0
0,0,0,62,0
0,0,2,6,0
2,0,0,6,1
16,0,6,28,1
0,0,0,2,1
0,0,26,51,0
0,0,0,2,1
4,0,0,12,1
8,0,0,38,0
0,0,0,8,0
10,4,0,34,1
33,0,3,64,0
2,0,0,18,1
0,0,0,70,1
0,0,0,32,0
16,2,0,82,0
0,0,0,12,0
20,4,0,38,0
14,6,0,80,1
4,0,2,6,1
26,0,2,56,1
0,0,0,4,1
10,0,0,44,0
0,0,0,54,1
0,0,0,4,0
0,2,0,0,0
4,0,0,4,1
18,12,2,38,0
2,0,30,68,1
0,0,0,4,0
0,0,6,32,0
6,0,0,6,1
4,2,0,0,0
28,4,0,34,1
42,0,0,58,1
0,0,0,20,1
0,0,0,8,0
8,0,0,34,0
12,6,0,40,0
28,0,4,50,1
18,0,2,80,0
0,0,0,2,1
16,4,3,77,0
0,0,0,2,1
2,2,0,10,1
28,3,0,69,0
2,2,0,38,0
0,0,2,2,0
4,0,0,24,0
19,0,8,43,0
7,10,0,83,0
0,0,0,2,1
6,6,0,46,1
4,8,2,14,0
0,0,0,6,0
0,0,0,2,1
22,16,2,22,0
33,6,2,59,1
32,10,0,56,1
7,0,0,93,1
11,0,0,89,0
15,0,4,81,0
10,0,0,8,1
2,0,2,4,1
0,0,0,2,0
0,0,4,8,0
4,0,0,46,0
0,0,2,12,0
14,6,0,26,0
6,0,0,2,0
0,0,22,78,1
0,0,0,18,1
0,0,0,2,0
6,2,0,28,0
2,0,0,22,1
0,0,0,4,0
2,0,0,8,1
12,0,0,42,1
0,0,0,22,0
2,6,0,20,0
42,0,0,46,0
0,0,0,4,1
2,26,0,66,0
0,0,0,4,0
2,0,0,0,0
0,2,0,34,0
2,0,0,0,0
0,0,0,4,0
10,2,0,8,1
10,4,2,78,0
4,0,0,34,0
29,0,0,71,1
27,0,0,73,0
21,4,1,74,0
6,0,22,72,1
10,0,0,12,1
0,0,0,4,1
2,0,2,60,0
0,0,0,8,0
0,0,10,66,0
0,0,0,2,1
34,2,4,30,1
38,0,0,54,1
10,2,0,18,0
0,0,0,2,0
0,0,0,6,0
23,2,0,75,1
18,4,0,40,0
0,0,0,50,0
2,0,0,20,1
35,2,6,57,0
36,0,9,55,1
0,0,0,4,0
2,0,0,14,1
0,0,6,70,0
8,8,14,30,0
26,0,3,71,1
0,6,2,86,0
26,1,0,73,0
17,7,2,74,0
0,0,0,2,0
23,10,0,67,1
18,0,0,62,1
0,0,0,10,1
0,0,10,8,0
26,0,0,38,0
0,0,0,10,0
33,4,0,63,1
31,15,0,54,0
0,2,0,22,1
10,6,18,54,1
18,6,2,66,0
2,0,0,14,1
32,3,2,63,0
8,8,0,84,0
10,0,0,44,1
35,2,0,63,1
12,2,0,46,0
2,0,0,6,1
9,3,0,88,0
6,0,0,4,0
2,0,0,0,0
2,0,0,34,1
14,0,0,8,0
0,0,0,100,0
2,0,0,6,1
29,6,0,65,0
0,0,0,4,0
8,0,0,0,1
4,0,0,0,1
24,0,4,38,1
16,0,0,46,0
28,0,4,46,0
0,0,8,15,1
40,4,5,51,0
0,0,0,2,0
2,0,0,12,1
0,4,0,8,0
17,0,0,83,0
34,1,1,64,0
2,0,0,14,1
0,0,0,16,1
6,0,0,20,0
0,0,0,4,0
15,3,0,82,0
3,2,0,95,0
0,0,0,4,0
0,0,4,6,1
0,0,0,66,0
2,0,0,4,0
46,1,0,53,1
30,0,2,62,0
34,2,4,46,1
26,0,0,74,0
0,0,0,8,1
4,0,0,4,0
2,0,0,4,0
0,0,11,89,0
2,0,0,2,1
31,0,4,65,1
6,2,0,10,0
14,0,17,69,0
16,0,0,28,0
16,0,0,6,1
0,0,0,2,0
2,4,0,26,1
16,0,0,38,0
0,0,0,36,0
6,0,0,36,0
4,0,2,10,1
2,0,0,18,0
0,0,0,6,0
28,4,0,62,0
0,0,0,2,0
2,0,0,98,1
13,0,0,87,1
2,0,2,2,1
49,2,0,49,1
4,0,0,6,1
4,2,6,24,1
12,4,2,82,0
2,0,0,16,1
35,7,0,58,1
0,8,0,92,0
0,0,2,12,1
10,2,0,60,0
14,0,0,36,0
27,1,0,72,0
4,0,0,62,0
0,0,0,40,1
0,2,0,12,0
2,0,0,8,1
0,0,0,24,0
24,0,0,30,0
34,4,0,62,1
17,3,3,77,0
0,0,0,10,1
36,3,1,60,1
34,8,0,46,1
11,5,2,82,0
17,0,23,60,1
2,0,0,6,0
6,0,0,0,1
6,0,8,50,1
6,0,0,8,0
0,0,0,4,0
11,2,5,82,1
0,0,26,39,0
0,2,0,4,1
20,8,0,72,0
10,0,0,72,1
0,0,0,100,1
4,0,11,85,0
4,0,0,2,0
5,3,0,92,1
2,0,0,0,0
4,0,0,0,1
6,0,0,0,1
33,8,0,59,1
4,26,0,64,1
0,0,0,2,0
0,0,2,2,0
23,4,0,73,1
38,7,2,53,0
0,0,0,2,1
8,0,4,22,1
6,0,0,6,1
0,0,36,64,0
0,0,0,4,0
0,0,0,2,1
18,0,0,44,0
20,0,0,38,0
0,0,6,66,1
16,0,4,80,1
44,2,0,54,0
18,10,0,30,0
0,0,16,37,1
12,0,4,82,0
2,0,1,97,1
2,0,0,12,0
4,0,0,91,0
4,0,0,0,0
22,8,0,70,0
27,18,0,55,0
2,0,0,6,0
0,2,0,8,0
0,0,0,2,1
33,0,2,65,1
24,0,0,66,0
35,5,0,60,1
10,0,4,84,0
2,2,0,64,0
14,0,2,36,0
6,1,2,91,0
48,8,0,34,1
26,17,2,55,1
0,0,13,68,0
0,0,0,40,0
0,0,16,84,1
0,0,4,96,0
19,8,0,73,1
0,0,0,68,0
0,0,7,93,1
0,0,4,4,1
32,10,8,44,1
12,0,0,18,1
0,0,0,2,1
27,0,0,73,1
0,0,0,2,0
10,2,2,80,0
22,0,0,38,0
24,0,0,76,0
0,0,0,4,0
4,10,0,36,0
28,0,0,42,0
0,0,28,34,0
16,19,0,65,0
2,0,0,28,0
0,0,0,4,1
10,2,0,54,0
0,0,0,2,0
26,0,2,30,0
0,0,0,2,1
0,4,0,16,1
17,9,2,72,0
14,2,0,48,1
24,4,0,44,1
0,0,0,6,0
32,2,0,36,0
2,2,0,26,0
13,0,0,87,0
23,27,2,48,1
0,0,0,2,0
32,0,4,28,0
0,0,2,12,1
0,0,6,16,0
0,0,0,4,0
0,0,0,36,1
14,0,0,70,0
0,0,0,2,1
6,0,0,0,1
2,2,0,2,0
23,11,2,64,1
18,12,0,40,0
0,0,0,2,0
0,0,0,4,0
0,0,0,28,0
0,0,22,14,1
11,2,12,75,0
0,2,0,2,0
14,0,2,42,0
2,0,0,22,1
0,0,0,30,0
0,0,0,2,1
8,0,8,0,1
12,2,0,40,0
2,0,2,84,0
0,2,10,18,1
0,0,0,22,0
0,0,0,6,1
0,0,16,16,1
0,0,0,2,0
2,0,0,78,1
18,14,0,54,0
10,0,0,90,1
0,0,0,2,1
38,6,0,42,1
4,0,0,6,1
44,7,0,49,1
2,0,0,0,1
5,1,0,94,0
18,0,0,82,0
0,0,0,2,0
0,0,0,4,0
0,0,0,4,0
10,0,2,68,0
27,1,0,72,0
27,0,3,70,1
2,0,0,8,1
28,6,2,64,0
2,0,2,60,0
46,0,0,54,1
0,0,0,2,0
0,0,0,4,0
18,4,0,36,1
4,0,0,58,0
6,0,0,2,0
0,0,2,2,0
0,0,0,100,0
16,12,0,54,1
0,0,18,74,0
0,0,0,12,1
0,0,0,20,1
4,0,0,0,1
16,7,0,77,1
0,0,16,0,0
22,0,0,78,0
0,0,0,24,1
6,0,0,2,0
0,0,0,8,0
4,0,2,26,0
28,9,1,62,0
28,4,16,48,0
28,0,0,32,0
38,8,0,54,0
0,0,0,2,0
0,0,0,12,1
31,0,0,69,1
0,0,0,2,0
0,0,0,2,0
0,0,4,44,0
0,0,0,8,0
4,0,0,0,1
6,2,0,6,1
41,42,6,111,0
22,13,0,65,0
0,0,0,4,0
0,0,0,54,1
0,2,0,4,1
26,14,0,48,0
8,0,0,60,1
0,0,0,4,0
22,0,0,32,1
10,0,0,12,0
0,0,0,100,1
2,2,0,30,1
0,0,0,4,1
4,0,0,4,0
6,0,0,60,0
4,0,0,4,1
0,0,0,2,0
20,0,0,48,0
6,0,0,2,1
26,12,4,52,0
6,11,0,83,0
4,0,0,8,1
1,0,20,79,0
2,0,0,20,1
4,0,0,4,0
6,0,0,2,0
2,0,2,68,1
0,0,0,6,1
15,15,0,70,0
10,2,0,52,0
2,0,2,12,1
2,0,2,42,1
2,0,13,23,0
0,2,0,8,1
0,0,4,44,1
0,0,0,34,0
8,0,0,80,0
32,6,0,40,0
18,2,0,42,0
4,0,0,16,0
41,4,10,45,1
39,6,2,53,1
0,0,13,87,1
10,0,0,78,1
33,4,0,63,0
0,0,16,38,0
0,0,2,34,1
0,0,10,4,0
0,0,0,4,0
34,4,0,62,0
0,0,0,2,1
0,0,0,2,0
0,0,0,4,1
21,12,1,66,0
41,2,0,57,0
6,12,0,44,0
22,2,2,42,1
0,0,2,4,0
78,5,0,117,0
2,2,0,0,1
10,6,0,58,0
2,0,0,8,1
15,0,0,11,0
0,0,0,4,0
4,12,2,48,0
0,0,0,2,0
4,0,6,10,1
11,16,2,71,0
33,0,2,65,0
2,0,0,6,0
0,0,0,6,1
2,0,0,2,1
2,2,0,6,0
2,0,0,26,1
2,0,2,52,1
22,2,0,62,0
39,7,4,50,0
34,4,0,34,0
0,0,0,2,1
0,0,0,8,1
0,0,0,2,1
0,0,2,6,1
15,12,0,73,0
0,6,6,18,1
0,0,11,89,1
4,0,4,0,1
0,0,0,4,0
8,0,0,0,1
8,0,2,8,0
16,6,0,64,0
2,0,0,98,1
0,0,0,8,0
0,0,0,2,0
4,4,0,50,0
2,0,0,54,0
4,0,0,4,1
0,0,0,12,1
23,16,9,52,1
0,0,2,40,0
0,0,0,4,0
18,0,0,40,0
0,2,0,16,0
0,0,0,4,1
2,0,0,20,0
0,0,0,4,0
6,0,0,10,0
4,2,0,62,0
0,0,0,16,1
0,2,0,14,0
26,0,0,38,0
12,6,4,78,1
31,6,5,58,0
5,2,0,93,0
18,0,2,52,1
18,0,0,58,1
0,0,0,6,0
34,10,0,50,0
6,0,0,0,1
12,2,0,52,0
0,0,0,12,0
8,14,4,36,0
37,0,0,63,0
12,0,0,88,0
0,0,0,8,0
21,7,2,70,0
2,0,0,64,1
20,0,10,52,0
0,2,0,40,0
0,0,6,33,1
6,0,0,38,0
6,0,0,12,1
0,0,4,10,0
2,0,0,6,1
20,0,4,40,0
5,0,0,33,1
29,7,0,64,1
33,5,3,59,1
13,0,0,87,0
12,0,0,4,0
13,6,0,81,0
2,0,0,10,0
2,0,8,34,1
41,7,3,49,0
0,0,0,8,0
16,0,0,42,0
12,8,2,38,0
38,3,2,57,1
22,2,0,40,1
2,0,0,60,1
4,0,0,8,0
0,0,0,29,1
0,0,22,50,1
0,0,0,2,1
37,0,3,60,0
4,0,0,4,1
0,0,0,6,0
0,0,0,2,1
16,2,4,32,0
25,6,1,68,0
2,0,0,0,1
8,0,24,168,0
10,14,0,22,0
32,12,2,54,0
2,0,4,94,0
0,0,7,5,1
24,0,2,36,0
0,0,6,26,0
28,6,4,62,1
2,0,20,72,0
4,3,0,93,1
6,0,0,20,1
40,4,0,56,0
24,0,0,0,0
43,7,0,50,0
24,4,0,72,1
25,0,2,73,1
29,0,2,69,1
2,0,0,2,1
0,0,0,2,1
0,0,2,0,0
12,8,2,78,1
6,0,0,36,0
21,0,0,79,1
0,0,0,10,0
4,2,0,12,0
18,0,2,28,0
0,0,0,2,1
35,4,0,61,1
0,0,0,38,0
10,0,0,8,1
0,4,0,62,0
16,0,0,40,0
2,0,0,6,1
2,0,0,6,1
14,0,0,34,1
0,0,0,8,1
4,0,0,10,1
16,14,0,70,1
8,2,0,42,0
2,0,0,2,0
0,0,0,8,0
0,0,0,66,0
36,2,4,58,1
14,1,6,79,0
14,0,17,17,1
32,2,2,64,1
2,0,0,0,0
24,0,0,40,0
0,0,0,4,0
0,0,0,10,1
7,0,0,21,1
0,0,0,10,0
10,2,2,66,0
0,14,0,34,0
20,11,0,69,1
10,4,0,80,0
2,0,2,6,0
0,0,6,78,1
0,0,0,60,0
22,4,0,74,0
14,0,2,58,0
6,2,0,2,0
0,0,2,2,0
18,10,2,50,0
39,5,0,56,1
0,0,0,4,0
0,0,18,56,1
0,0,2,6,1
46,4,0,50,0
2,0,0,8,0
0,0,0,4,1
0,2,0,8,0
0,0,0,2,1
0,0,0,2,1
41,10,0,49,1
7,3,4,86,0
2,0,0,26,0
6,3,3,88,0
6,2,0,52,0
30,0,0,62,0
22,10,2,30,0
0,0,0,2,0
8,0,0,6,1
2,0,0,8,1
0,0,4,6,0
4,0,0,2,0
14,0,0,52,0
0,0,2,14,1
0,0,0,2,0
29,0,3,68,1
11,0,0,89,1
34,6,0,60,1
0,0,0,6,0
2,0,0,22,1
6,0,0,12,0
6,0,0,62,1
73,7,0,20,0
39,0,0,61,1
14,0,0,86,1
0,0,0,14,0
0,0,0,4,0
8,0,2,84,1
28,2,2,44,1
33,8,2,57,1
28,0,2,38,0
0,0,0,12,0
0,0,0,2,0
11,4,0,85,0
0,0,0,28,0
19,3,2,76,0
2,0,19,79,1
0,0,0,2,1
0,0,0,2,0
2,5,0,93,0
0,0,26,68,1
0,0,2,68,0
18,0,2,80,0
2,0,0,4,0
6,2,0,82,0
0,0,0,4,0
15,6,0,79,0
30,0,0,28,0
0,0,0,2,1
2,0,0,36,0
18,6,0,44,0
0,0,0,6,1
46,6,1,47,0
0,0,0,8,0
23,0,1,76,0
8,10,4,56,0
5,0,2,93,0
0,2,0,14,1
0,0,0,4,0
8,0,0,4,0
19,0,0,81,1
0,0,0,56,0
0,0,0,2,0
28,3,3,66,0
2,0,0,0,0
26,0,0,42,0
30,0,0,70,0
6,0,0,0,1
18,2,0,80,1
2,0,0,30,0
3,0,4,93,0
0,0,16,24,0
14,2,0,22,0
51,0,1,48,0
6,0,0,12,0
20,0,0,38,1
12,0,4,52,1
44,0,2,52,1
10,0,0,0,1
30,0,0,38,0
18,12,4,34,1
35,4,2,59,0
0,2,0,16,1
4,0,2,10,1
2,0,0,40,0
0,0,0,72,1
26,2,0,70,0
0,0,2,0,1
6,4,2,24,0
40,18,2,36,0
21,0,0,79,1
0,2,0,66,0
20,0,2,22,0
8,0,0,54,1
2,0,0,0,0
8,0,1,91,1
0,0,0,12,0
18,0,2,18,0
0,0,0,4,0
0,0,8,14,0
32,4,4,14,0
18,6,0,54,1
0,0,0,2,1
39,0,2,59,1
27,4,0,69,1
26,6,4,64,1
2,0,0,0,0
7,2,4,87,0
2,2,0,2,0
22,8,0,62,0
0,0,0,2,0
2,0,0,6,1
0,0,7,93,0
6,2,0,26,0
0,0,0,2,0
4,0,0,4,0
33,0,2,65,1
17,1,5,77,0
16,0,0,84,1
32,0,0,56,1
0,0,0,10,1
6,2,0,22,0
4,0,0,30,0
0,0,2,2,0
2,0,0,22,0
12,0,3,85,0
15,24,9,52,1
26,0,0,38,1
0,0,0,16,1
2,2,0,2,0
16,0,0,44,1
2,0,0,34,0
2,0,0,20,0
39,5,0,56,1
32,10,0,48,0
0,0,0,2,0
0,0,0,2,0
25,1,7,67,0
26,2,0,30,0
0,0,0,12,0
2,0,4,86,1
35,0,0,65,0
6,0,0,12,1
6,0,0,24,1
27,2,9,62,1
0,0,0,2,0
26,7,4,63,1
0,2,0,8,1
8,0,0,34,0
36,4,10,50,1
0,0,0,6,0
0,0,23,77,1
0,0,24,8,1
8,2,0,8,0
28,12,0,52,0
24,0,0,70,0
12,0,0,68,0
18,2,0,44,0
4,0,0,60,0
0,0,0,6,1
0,0,0,2,0
2,0,0,2,1
0,0,0,4,0
0,0,2,12,1
6,0,0,2,0
22,0,0,78,1
2,0,0,14,0
28,0,4,40,1
2,0,2,54,1
12,0,0,56,1
26,0,2,34,0
8,0,4,88,0
24,8,0,44,0
12,0,0,50,0
2,0,4,24,1
0,0,0,4,1
0,0,2,20,1
16,0,0,84,1
32,7,0,61,1
30,0,0,66,0
0,0,0,12,1
2,0,0,14,1
0,0,0,16,0
6,0,0,0,1
14,10,8,26,0
4,0,0,6,1
6,2,0,10,0
0,0,0,40,0
4,0,0,30,0
20,2,0,54,0
0,0,2,28,1
0,0,4,16,0
0,0,0,2,0
31,0,0,69,1
2,0,0,0,0
0,0,0,4,1
2,0,2,6,1
26,10,0,48,1
0,0,0,16,1
0,0,0,4,0
0,0,0,8,0
0,0,0,10,0
12,0,10,30,1
0,0,0,2,0
2,4,0,0,1
18,0,0,40,0
32,0,0,44,1
40,0,2,58,1
2,2,0,0,0
0,0,8,14,1
4,0,0,14,1
0,0,0,2,1
14,2,0,56,0
3,0,29,32,1
16,6,0,70,0
10,4,0,4,1
0,0,12,84,0
41,5,1,53,0
0,0,0,4,0
2,0,0,0,1
28,0,0,52,0
18,0,3,79,0
26,0,0,64,0
0,0,4,6,0
0,0,0,18,0
0,0,0,6,0
37,5,1,57,1
0,0,0,4,0
28,8,0,60,0
18,2,0,48,0
21,0,0,79,0
2,0,0,0,0
24,13,0,63,1
0,0,0,6,1
0,4,0,24,0
0,0,0,8,1
15,0,2,83,1
0,0,12,16,0
22,6,4,68,0
0,0,0,16,1
0,0,0,6,0
28,0,0,32,0
10,0,0,50,0
16,0,0,60,0
2,0,12,22,0
0,0,0,2,0
0,4,2,4,0
32,8,2,40,0
29,24,0,47,1
26,0,2,28,0
2,0,22,42,0
12,0,0,70,1
14,2,0,28,0
4,0,0,8,1
2,0,0,32,1
0,0,2,0,0
0,0,0,2,1
17,16,5,62,1
29,0,0,71,0
44,4,0,52,1
36,0,2,34,1
12,0,6,72,1
12,0,2,48,0
37,0,0,63,1
0,0,2,4,1
4,0,0,4,0
29,8,1,62,0
24,4,2,42,0
34,10,0,26,1
2,0,0,2,1
0,0,2,8,1
0,0,0,2,0
12,4,0,84,0
0,2,0,8,0
6,0,2,0,1
0,0,0,8,1
2,0,2,4,1
22,4,0,50,0
0,0,0,6,0
0,0,0,2,1
20,0,2,32,0
4,0,0,10,1
43,0,0,57,1
67,2,0,31,0
2,0,0,0,0
4,0,0,6,1
0,0,0,8,1
0,0,0,36,1
26,0,0,54,0
58,0,0,42,1
0,0,0,20,1
4,4,0,38,0
0,0,37,63,0
0,0,0,8,1
24,8,2,46,0
11,28,1,60,0
47,5,0,48,1
0,0,20,8,0
0,0,0,12,0
22,0,0,40,1
6,0,0,20,0
16,8,0,38,0
0,0,0,2,0
0,0,0,38,0
0,0,2,2,1
48,0,0,50,1
2,0,20,78,1
0,0,22,78,1
15,0,1,84,1
9,0,2,89,1
24,0,0,76,0
9,0,0,91,1
0,0,0,2,1
30,9,0,61,1
5,0,0,95,1
18,1,2,79,0
22,2,0,36,1
0,0,0,20,1
0,0,0,2,0
0,2,0,10,0
2,0,0,6,1
4,0,0,88,1
2,0,0,34,1
20,4,0,46,0
12,0,0,54,0
4,0,0,4,1
0,0,2,98,0
4,0,14,16,1
4,2,0,36,0
35,0,0,65,1
40,2,0,58,1
14,0,0,22,0
22,8,0,38,1
26,0,0,58,0
0,0,0,6,0
0,0,2,4,0
34,16,0,50,0
6,0,0,44,1
32,0,0,30,1
0,0,0,4,0
16,2,2,42,1
0,0,2,10,1
2,0,0,2,0
32,0,0,46,1
0,0,0,4,1
0,0,0,2,0
2,0,0,2,0
12,2,0,86,0
20,0,2,18,0
4,0,0,14,1
2,0,0,12,0
19,0,0,81,1
44,6,0,50,1
44,1,1,54,0
7,17,0,76,0
6,0,0,4,1
2,0,0,8,0
0,0,2,2,0
4,6,0,10,0
16,2,0,40,1
12,0,0,32,1
8,0,0,48,1
6,0,0,0,0
0,0,1,99,1
2,2,0,18,0
0,0,0,16,0
0,0,0,2,0
10,4,0,4,1
2,2,0,42,1
0,0,0,2,1
2,0,4,50,0
22,10,0,34,1
2,2,0,44,0
0,0,0,2,0
0,0,0,2,0
0,0,0,4,0
0,0,0,12,0
7,23,0,70,0
30,0,0,48,1
22,2,0,76,0
2,4,0,36,0
14,0,0,70,0
10,0,0,38,1
2,0,0,6,1
4,0,2,18,0
22,9,0,69,0
8,14,2,54,0
0,0,1,8,1
0,2,0,0,1
2,0,0,8,1
0,0,0,2,0
0,2,0,16,0
14,0,0,44,0
2,0,0,0,0
16,8,2,32,0
0,0,0,12,1
0,0,32,58,0
10,0,0,78,0
8,0,0,38,0
0,0,0,34,0
2,0,0,44,0
47,4,0,49,1
2,10,0,50,1
0,0,6,12,1
0,6,0,4,0
2,0,0,64,0
4,0,0,28,0
18,0,2,42,0
12,11,0,77,0
6,0,2,26,1
49,3,0,48,1
32,5,2,61,0
8,0,0,54,0
0,0,0,3,0
9,0,0,91,1
0,0,0,10,0
0,0,4,6,1
38,15,0,47,0
6,0,0,52,1
0,0,0,10,1
0,0,0,2,1
0,0,2,16,1
12,1,0,87,0
0,0,0,4,1
39,7,3,51,1
0,0,30,70,0
0,0,0,2,0
2,0,0,20,1
16,24,2,28,0
16,0,0,48,1
0,0,0,2,0
6,0,0,0,1
9,0,4,15,0
4,6,2,46,0
6,0,0,10,1
2,0,0,2,0
0,0,0,4,0
0,0,0,66,0
4,0,0,42,0
18,0,0,66,0
4,2,2,14,1
2,2,0,6,0
26,8,0,54,0
20,0,0,80,1
0,0,0,8,1
2,6,0,26,0
12,10,0,78,0
6,0,0,4,1
0,0,0,6,1
13,10,4,73,0
0,2,0,48,0
33,1,0,66,1
20,2,0,32,0
6,2,0,6,0
2,0,0,2,1
0,0,0,8,1
2,0,0,8,0
0,0,0,2,0
4,2,0,28,0
37,1,0,62,1
0,0,0,42,0
10,0,0,18,0
43,0,4,53,0
0,0,0,6,1
9,5,2,84,0
2,0,0,8,0
0,0,0,2,1
8,0,0,18,0
32,3,8,57,1
2,0,0,4,0
12,0,0,35,1
0,0,0,6,1
2,0,0,8,0
2,0,0,12,1
2,0,0,2,1
30,4,0,30,0
0,0,0,6,0
4,0,0,10,1
19,0,12,20,0
0,0,0,2,0
0,0,40,60,0
0,0,0,8,0
2,0,0,6,1
2,0,0,6,0
0,0,0,42,0
0,0,0,4,0
10,0,0,50,0
10,12,0,38,0
6,2,0,18,1
12,0,0,44,0
0,0,0,6,0
16,0,0,60,1
0,0,0,4,0
28,2,0,42,1
0,0,0,8,1
2,0,0,10,0
4,0,0,2,1
8,0,0,24,0
2,0,0,8,1
0,0,0,16,0
28,10,3,59,0
23,2,2,73,0
0,0,0,16,1
2,0,0,16,1
2,0,0,8,0
0,0,0,2,1
38,9,3,50,1
0,2,0,8,0
2,0,8,42,0
24,0,0,68,0
18,0,0,42,1
6,4,0,90,0
8,0,2,22,1
0,0,0,2,0
0,0,0,2,1
27,0,0,73,0
0,0,0,20,0
0,0,0,22,1
0,0,0,6,1
2,0,0,6,0
20,8,0,40,1
0,2,0,4,1
0,0,2,4,1
2,0,0,0,0
4,0,2,10,1
10,6,0,58,0
30,0,0,50,0
0,0,0,38,0
2,0,0,38,0
6,0,0,6,0
32,0,0,46,0
0,0,0,2,1
0,0,2,4,0
0,0,0,14,0
4,0,0,10,1
20,0,0,80,1
0,0,0,6,0
